--
-- PostgreSQL database dump
--

-- Dumped from database version 12.17 (Ubuntu 12.17-1.pgdg22.04+1)
-- Dumped by pg_dump version 12.17 (Ubuntu 12.17-1.pgdg22.04+1)

SET statement_timeout = 0;
SET lock_timeout = 0;
SET idle_in_transaction_session_timeout = 0;
SET client_encoding = 'UTF8';
SET standard_conforming_strings = on;
SELECT pg_catalog.set_config('search_path', '', false);
SET check_function_bodies = false;
SET xmloption = content;
SET client_min_messages = warning;
SET row_security = off;

DROP DATABASE universe;
--
-- Name: universe; Type: DATABASE; Schema: -; Owner: freecodecamp
--

CREATE DATABASE universe WITH TEMPLATE = template0 ENCODING = 'UTF8' LC_COLLATE = 'C.UTF-8' LC_CTYPE = 'C.UTF-8';


ALTER DATABASE universe OWNER TO freecodecamp;

\connect universe

SET statement_timeout = 0;
SET lock_timeout = 0;
SET idle_in_transaction_session_timeout = 0;
SET client_encoding = 'UTF8';
SET standard_conforming_strings = on;
SELECT pg_catalog.set_config('search_path', '', false);
SET check_function_bodies = false;
SET xmloption = content;
SET client_min_messages = warning;
SET row_security = off;

SET default_tablespace = '';

SET default_table_access_method = heap;

--
-- Name: blackhole; Type: TABLE; Schema: public; Owner: freecodecamp
--

CREATE TABLE public.blackhole (
    blackhole_id integer NOT NULL,
    name character varying(20) NOT NULL,
    mass_millions integer
);


ALTER TABLE public.blackhole OWNER TO freecodecamp;

--
-- Name: blackhole_blackhole_id_seq; Type: SEQUENCE; Schema: public; Owner: freecodecamp
--

CREATE SEQUENCE public.blackhole_blackhole_id_seq
    AS integer
    START WITH 1
    INCREMENT BY 1
    NO MINVALUE
    NO MAXVALUE
    CACHE 1;


ALTER TABLE public.blackhole_blackhole_id_seq OWNER TO freecodecamp;

--
-- Name: blackhole_blackhole_id_seq; Type: SEQUENCE OWNED BY; Schema: public; Owner: freecodecamp
--

ALTER SEQUENCE public.blackhole_blackhole_id_seq OWNED BY public.blackhole.blackhole_id;


--
-- Name: galaxy; Type: TABLE; Schema: public; Owner: freecodecamp
--

CREATE TABLE public.galaxy (
    galaxy_id integer NOT NULL,
    name character varying(20) NOT NULL,
    galaxy_type integer NOT NULL,
    is_dying boolean,
    number_of_races integer
);


ALTER TABLE public.galaxy OWNER TO freecodecamp;

--
-- Name: galaxy_gid_seq; Type: SEQUENCE; Schema: public; Owner: freecodecamp
--

CREATE SEQUENCE public.galaxy_gid_seq
    AS integer
    START WITH 1
    INCREMENT BY 1
    NO MINVALUE
    NO MAXVALUE
    CACHE 1;


ALTER TABLE public.galaxy_gid_seq OWNER TO freecodecamp;

--
-- Name: galaxy_gid_seq; Type: SEQUENCE OWNED BY; Schema: public; Owner: freecodecamp
--

ALTER SEQUENCE public.galaxy_gid_seq OWNED BY public.galaxy.galaxy_id;


--
-- Name: moon; Type: TABLE; Schema: public; Owner: freecodecamp
--

CREATE TABLE public.moon (
    moon_id integer NOT NULL,
    name character varying(20) NOT NULL,
    is_spherical boolean NOT NULL,
    planet_id integer NOT NULL,
    moon_type integer
);


ALTER TABLE public.moon OWNER TO freecodecamp;

--
-- Name: moon_mid_seq; Type: SEQUENCE; Schema: public; Owner: freecodecamp
--

CREATE SEQUENCE public.moon_mid_seq
    AS integer
    START WITH 1
    INCREMENT BY 1
    NO MINVALUE
    NO MAXVALUE
    CACHE 1;


ALTER TABLE public.moon_mid_seq OWNER TO freecodecamp;

--
-- Name: moon_mid_seq; Type: SEQUENCE OWNED BY; Schema: public; Owner: freecodecamp
--

ALTER SEQUENCE public.moon_mid_seq OWNED BY public.moon.moon_id;


--
-- Name: moon_planet_id_seq; Type: SEQUENCE; Schema: public; Owner: freecodecamp
--

CREATE SEQUENCE public.moon_planet_id_seq
    AS integer
    START WITH 1
    INCREMENT BY 1
    NO MINVALUE
    NO MAXVALUE
    CACHE 1;


ALTER TABLE public.moon_planet_id_seq OWNER TO freecodecamp;

--
-- Name: moon_planet_id_seq; Type: SEQUENCE OWNED BY; Schema: public; Owner: freecodecamp
--

ALTER SEQUENCE public.moon_planet_id_seq OWNED BY public.moon.planet_id;


--
-- Name: planet; Type: TABLE; Schema: public; Owner: freecodecamp
--

CREATE TABLE public.planet (
    planet_id integer NOT NULL,
    name character varying(20) NOT NULL,
    age_in_billions integer NOT NULL,
    description text,
    has_life boolean,
    star_id integer NOT NULL
);


ALTER TABLE public.planet OWNER TO freecodecamp;

--
-- Name: planet_pid_seq; Type: SEQUENCE; Schema: public; Owner: freecodecamp
--

CREATE SEQUENCE public.planet_pid_seq
    AS integer
    START WITH 1
    INCREMENT BY 1
    NO MINVALUE
    NO MAXVALUE
    CACHE 1;


ALTER TABLE public.planet_pid_seq OWNER TO freecodecamp;

--
-- Name: planet_pid_seq; Type: SEQUENCE OWNED BY; Schema: public; Owner: freecodecamp
--

ALTER SEQUENCE public.planet_pid_seq OWNED BY public.planet.planet_id;


--
-- Name: planet_star_id_seq; Type: SEQUENCE; Schema: public; Owner: freecodecamp
--

CREATE SEQUENCE public.planet_star_id_seq
    AS integer
    START WITH 1
    INCREMENT BY 1
    NO MINVALUE
    NO MAXVALUE
    CACHE 1;


ALTER TABLE public.planet_star_id_seq OWNER TO freecodecamp;

--
-- Name: planet_star_id_seq; Type: SEQUENCE OWNED BY; Schema: public; Owner: freecodecamp
--

ALTER SEQUENCE public.planet_star_id_seq OWNED BY public.planet.star_id;


--
-- Name: star; Type: TABLE; Schema: public; Owner: freecodecamp
--

CREATE TABLE public.star (
    star_id integer NOT NULL,
    name character varying(20) NOT NULL,
    distance_from_earth_lightyr numeric NOT NULL,
    galaxy_id integer NOT NULL,
    has_dyson_sphere boolean
);


ALTER TABLE public.star OWNER TO freecodecamp;

--
-- Name: star_galaxy_id_seq; Type: SEQUENCE; Schema: public; Owner: freecodecamp
--

CREATE SEQUENCE public.star_galaxy_id_seq
    AS integer
    START WITH 1
    INCREMENT BY 1
    NO MINVALUE
    NO MAXVALUE
    CACHE 1;


ALTER TABLE public.star_galaxy_id_seq OWNER TO freecodecamp;

--
-- Name: star_galaxy_id_seq; Type: SEQUENCE OWNED BY; Schema: public; Owner: freecodecamp
--

ALTER SEQUENCE public.star_galaxy_id_seq OWNED BY public.star.galaxy_id;


--
-- Name: star_sid_seq; Type: SEQUENCE; Schema: public; Owner: freecodecamp
--

CREATE SEQUENCE public.star_sid_seq
    AS integer
    START WITH 1
    INCREMENT BY 1
    NO MINVALUE
    NO MAXVALUE
    CACHE 1;


ALTER TABLE public.star_sid_seq OWNER TO freecodecamp;

--
-- Name: star_sid_seq; Type: SEQUENCE OWNED BY; Schema: public; Owner: freecodecamp
--

ALTER SEQUENCE public.star_sid_seq OWNED BY public.star.star_id;


--
-- Name: blackhole blackhole_id; Type: DEFAULT; Schema: public; Owner: freecodecamp
--

ALTER TABLE ONLY public.blackhole ALTER COLUMN blackhole_id SET DEFAULT nextval('public.blackhole_blackhole_id_seq'::regclass);


--
-- Name: galaxy galaxy_id; Type: DEFAULT; Schema: public; Owner: freecodecamp
--

ALTER TABLE ONLY public.galaxy ALTER COLUMN galaxy_id SET DEFAULT nextval('public.galaxy_gid_seq'::regclass);


--
-- Name: moon moon_id; Type: DEFAULT; Schema: public; Owner: freecodecamp
--

ALTER TABLE ONLY public.moon ALTER COLUMN moon_id SET DEFAULT nextval('public.moon_mid_seq'::regclass);


--
-- Name: moon planet_id; Type: DEFAULT; Schema: public; Owner: freecodecamp
--

ALTER TABLE ONLY public.moon ALTER COLUMN planet_id SET DEFAULT nextval('public.moon_planet_id_seq'::regclass);


--
-- Name: planet planet_id; Type: DEFAULT; Schema: public; Owner: freecodecamp
--

ALTER TABLE ONLY public.planet ALTER COLUMN planet_id SET DEFAULT nextval('public.planet_pid_seq'::regclass);


--
-- Name: planet star_id; Type: DEFAULT; Schema: public; Owner: freecodecamp
--

ALTER TABLE ONLY public.planet ALTER COLUMN star_id SET DEFAULT nextval('public.planet_star_id_seq'::regclass);


--
-- Name: star star_id; Type: DEFAULT; Schema: public; Owner: freecodecamp
--

ALTER TABLE ONLY public.star ALTER COLUMN star_id SET DEFAULT nextval('public.star_sid_seq'::regclass);


--
-- Name: star galaxy_id; Type: DEFAULT; Schema: public; Owner: freecodecamp
--

ALTER TABLE ONLY public.star ALTER COLUMN galaxy_id SET DEFAULT nextval('public.star_galaxy_id_seq'::regclass);


--
-- Data for Name: blackhole; Type: TABLE DATA; Schema: public; Owner: freecodecamp
--

INSERT INTO public.blackhole VALUES (1, 'Sagittarius A', 20);
INSERT INTO public.blackhole VALUES (2, 'HLX-1', 50);
INSERT INTO public.blackhole VALUES (3, 'M82 X-1', 75);


--
-- Data for Name: galaxy; Type: TABLE DATA; Schema: public; Owner: freecodecamp
--

INSERT INTO public.galaxy VALUES (1, 'Milky Way', 1, NULL, NULL);
INSERT INTO public.galaxy VALUES (2, 'Cartwheel', 2, NULL, NULL);
INSERT INTO public.galaxy VALUES (3, 'Whirpool', 4, NULL, NULL);
INSERT INTO public.galaxy VALUES (4, 'Andromeda', 1, NULL, NULL);
INSERT INTO public.galaxy VALUES (5, 'Cigar', 3, NULL, NULL);
INSERT INTO public.galaxy VALUES (6, 'Black Eye', 5, NULL, NULL);


--
-- Data for Name: moon; Type: TABLE DATA; Schema: public; Owner: freecodecamp
--

INSERT INTO public.moon VALUES (1, 'moon', true, 1, NULL);
INSERT INTO public.moon VALUES (2, 'BlueBall', true, 2, NULL);
INSERT INTO public.moon VALUES (3, 'Glorbool', true, 3, NULL);
INSERT INTO public.moon VALUES (4, 'stinkroid', false, 3, NULL);
INSERT INTO public.moon VALUES (5, 'basketball', true, 11, NULL);
INSERT INTO public.moon VALUES (6, 'soccerball', true, 10, NULL);
INSERT INTO public.moon VALUES (7, 'baseball', true, 7, NULL);
INSERT INTO public.moon VALUES (8, 'turd', false, 4, NULL);
INSERT INTO public.moon VALUES (9, 'pringlescan', false, 7, NULL);
INSERT INTO public.moon VALUES (10, 'xboxcontroller', false, 9, NULL);
INSERT INTO public.moon VALUES (12, 'booger', true, 12, NULL);
INSERT INTO public.moon VALUES (11, 'weednug', false, 3, NULL);
INSERT INTO public.moon VALUES (13, 'head', false, 6, NULL);
INSERT INTO public.moon VALUES (14, 'xylo', true, 2, NULL);
INSERT INTO public.moon VALUES (15, 'birdie', true, 5, NULL);
INSERT INTO public.moon VALUES (16, 'calculator', false, 8, NULL);
INSERT INTO public.moon VALUES (17, 'pingpong', true, 10, NULL);
INSERT INTO public.moon VALUES (18, 'igloo', false, 11, NULL);
INSERT INTO public.moon VALUES (19, 'bear', false, 9, NULL);
INSERT INTO public.moon VALUES (20, 'huey', true, 2, NULL);


--
-- Data for Name: planet; Type: TABLE DATA; Schema: public; Owner: freecodecamp
--

INSERT INTO public.planet VALUES (1, 'Earth', 50, 'mainly water, full of life and vegetation', true, 1);
INSERT INTO public.planet VALUES (2, 'Mars', 90, 'Red planet, poles of ice', false, 1);
INSERT INTO public.planet VALUES (3, 'Glorb', 20, 'weird slimefest full of gorp people', true, 3);
INSERT INTO public.planet VALUES (4, 'Poopanty', 300, 'poop everywhere help', false, 5);
INSERT INTO public.planet VALUES (5, 'Schemeville', 175, 'full of crooks', true, 2);
INSERT INTO public.planet VALUES (6, 'Hell', 600, 'come here u die', false, 4);
INSERT INTO public.planet VALUES (7, 'Polar Plunge', 10, 'place is freezing', false, 6);
INSERT INTO public.planet VALUES (8, 'Casual Land', 500, 'cool place full of distinguished ladies and gentlemen', true, 3);
INSERT INTO public.planet VALUES (9, 'Snailage', 35, 'just snails everywhere', true, 2);
INSERT INTO public.planet VALUES (10, 'Treasure Planet', 700, 'whole planet is basically gold but is occupied by an evil race of aliens', false, 3);
INSERT INTO public.planet VALUES (12, 'Galatic Chill Zone', 1, 'Artificial planet made as a peaceful hub for all alien races ', false, 5);
INSERT INTO public.planet VALUES (11, 'Eeval', 1, 'Artificial planet made by the evil aliens ', false, 3);


--
-- Data for Name: star; Type: TABLE DATA; Schema: public; Owner: freecodecamp
--

INSERT INTO public.star VALUES (1, 'SUN', 0.092, 1, NULL);
INSERT INTO public.star VALUES (2, 'Rigel', 3000, 2, NULL);
INSERT INTO public.star VALUES (3, 'Sirius', 50, 1, NULL);
INSERT INTO public.star VALUES (4, 'Betelgeuse', 12, 1, NULL);
INSERT INTO public.star VALUES (5, 'Big Dog Sun', 12, 3, NULL);
INSERT INTO public.star VALUES (6, 'Little Dog Sun', 400, 5, NULL);


--
-- Name: blackhole_blackhole_id_seq; Type: SEQUENCE SET; Schema: public; Owner: freecodecamp
--

SELECT pg_catalog.setval('public.blackhole_blackhole_id_seq', 1, false);


--
-- Name: galaxy_gid_seq; Type: SEQUENCE SET; Schema: public; Owner: freecodecamp
--

SELECT pg_catalog.setval('public.galaxy_gid_seq', 1, false);


--
-- Name: moon_mid_seq; Type: SEQUENCE SET; Schema: public; Owner: freecodecamp
--

SELECT pg_catalog.setval('public.moon_mid_seq', 1, false);


--
-- Name: moon_planet_id_seq; Type: SEQUENCE SET; Schema: public; Owner: freecodecamp
--

SELECT pg_catalog.setval('public.moon_planet_id_seq', 1, false);


--
-- Name: planet_pid_seq; Type: SEQUENCE SET; Schema: public; Owner: freecodecamp
--

SELECT pg_catalog.setval('public.planet_pid_seq', 1, false);


--
-- Name: planet_star_id_seq; Type: SEQUENCE SET; Schema: public; Owner: freecodecamp
--

SELECT pg_catalog.setval('public.planet_star_id_seq', 1, false);


--
-- Name: star_galaxy_id_seq; Type: SEQUENCE SET; Schema: public; Owner: freecodecamp
--

SELECT pg_catalog.setval('public.star_galaxy_id_seq', 1, false);


--
-- Name: star_sid_seq; Type: SEQUENCE SET; Schema: public; Owner: freecodecamp
--

SELECT pg_catalog.setval('public.star_sid_seq', 1, false);


--
-- Name: blackhole blackhole_id_unique; Type: CONSTRAINT; Schema: public; Owner: freecodecamp
--

ALTER TABLE ONLY public.blackhole
    ADD CONSTRAINT blackhole_id_unique UNIQUE (blackhole_id);


--
-- Name: blackhole blackhole_pkey; Type: CONSTRAINT; Schema: public; Owner: freecodecamp
--

ALTER TABLE ONLY public.blackhole
    ADD CONSTRAINT blackhole_pkey PRIMARY KEY (blackhole_id);


--
-- Name: galaxy galaxy_id_unique; Type: CONSTRAINT; Schema: public; Owner: freecodecamp
--

ALTER TABLE ONLY public.galaxy
    ADD CONSTRAINT galaxy_id_unique UNIQUE (galaxy_id);


--
-- Name: galaxy galaxy_pkey; Type: CONSTRAINT; Schema: public; Owner: freecodecamp
--

ALTER TABLE ONLY public.galaxy
    ADD CONSTRAINT galaxy_pkey PRIMARY KEY (galaxy_id);


--
-- Name: moon moon_id_unique; Type: CONSTRAINT; Schema: public; Owner: freecodecamp
--

ALTER TABLE ONLY public.moon
    ADD CONSTRAINT moon_id_unique UNIQUE (moon_id);


--
-- Name: moon moon_pkey; Type: CONSTRAINT; Schema: public; Owner: freecodecamp
--

ALTER TABLE ONLY public.moon
    ADD CONSTRAINT moon_pkey PRIMARY KEY (moon_id);


--
-- Name: planet planet_id_unique; Type: CONSTRAINT; Schema: public; Owner: freecodecamp
--

ALTER TABLE ONLY public.planet
    ADD CONSTRAINT planet_id_unique UNIQUE (planet_id);


--
-- Name: planet planet_pkey; Type: CONSTRAINT; Schema: public; Owner: freecodecamp
--

ALTER TABLE ONLY public.planet
    ADD CONSTRAINT planet_pkey PRIMARY KEY (planet_id);


--
-- Name: star star_id_unique; Type: CONSTRAINT; Schema: public; Owner: freecodecamp
--

ALTER TABLE ONLY public.star
    ADD CONSTRAINT star_id_unique UNIQUE (star_id);


--
-- Name: star star_pkey; Type: CONSTRAINT; Schema: public; Owner: freecodecamp
--

ALTER TABLE ONLY public.star
    ADD CONSTRAINT star_pkey PRIMARY KEY (star_id);


--
-- Name: moon moon_planet_id_fkey; Type: FK CONSTRAINT; Schema: public; Owner: freecodecamp
--

ALTER TABLE ONLY public.moon
    ADD CONSTRAINT moon_planet_id_fkey FOREIGN KEY (planet_id) REFERENCES public.planet(planet_id);


--
-- Name: planet planet_star_id_fkey; Type: FK CONSTRAINT; Schema: public; Owner: freecodecamp
--

ALTER TABLE ONLY public.planet
    ADD CONSTRAINT planet_star_id_fkey FOREIGN KEY (star_id) REFERENCES public.star(star_id);


--
-- Name: star star_galaxy_id_fkey; Type: FK CONSTRAINT; Schema: public; Owner: freecodecamp
--

ALTER TABLE ONLY public.star
    ADD CONSTRAINT star_galaxy_id_fkey FOREIGN KEY (galaxy_id) REFERENCES public.galaxy(galaxy_id);


--
-- PostgreSQL database dump complete
--

